name,category,latitude,longitude,wiki_title,monthly_views
Kwa-Ma-Rolas (Kwanusila),Iconic Attractions,41.9489802,-87.6424356,Kwanusila,
A Signal of Peace,Iconic Attractions,41.9331913,-87.6314027,A Signal of Peace,
Big Beaver Totem Pole,Iconic Attractions,41.8672178,-87.6170698,Big Beaver Totem Pole,
Flamingo,Iconic Attractions,41.8788065,-87.6296809,Flamingo (sculpture),
Batcolumn,Iconic Attractions,41.8819687,-87.643123,Batcolumn,
Menorah,Iconic Attractions,41.9974053,-87.7034188,Hanukkah menorah,
Young Lincoln Statue,Iconic Attractions,41.9897817,-87.6694363,List of statues of Abraham Lincoln,
360 Chicago,Iconic Attractions,41.8989798,-87.6231763,John Hancock Center,
Lincoln Memorial Replica,Iconic Attractions,41.9758778,-87.9042536,Statue of Abraham Lincoln (Lincoln Memorial),
Money Museum,Museums & Galleries,41.87833,-87.632568,Federal Reserve Bank of Chicago,
America's Courtyard,Iconic Attractions,41.8656406,-87.6065703,America's Courtyard,
Man with Fish,Iconic Attractions,41.8671371,-87.6146694,Man with Fish,
Olmec Head,Iconic Attractions,41.8671514,-87.6157214,Olmec colossal heads,
Sir Georg Solti Bust,Iconic Attractions,41.8778676,-87.6236335,Bust of Georg Solti,
The Alarm,Iconic Attractions,41.9362619,-87.6325293,The Alarm (Boyle),
Cow,Iconic Attractions,41.8833571,-87.6248187,CowParade,
McCormick Bridgehouse & Chicago River Museum,Museums & Galleries,41.8884954,-87.6246857,DuSable Bridge,
National Museum of Puerto Rican Arts & Culture,Museums & Galleries,41.9023107,-87.703187,National Museum of Puerto Rican Arts and Culture,
The Renaissance Society,Museums & Galleries,41.789142,-87.60102,,
Polish Museum of America,Museums & Galleries,41.8996737,-87.66105,Polish Museum of America,
Loyola University Museum of Art,Museums & Galleries,41.8973289,-87.6250576,Loyola University Museum of Art,
The Museum of Contemporary Photography,Museums & Galleries,41.8742073,-87.6245139,,
National Veterans Art Museum,Museums & Galleries,41.9543845,-87.7486367,National Veterans Art Museum,
Richard H. Driehaus Museum,Museums & Galleries,41.8942846,-87.6265031,Driehaus Museum,
Nuclear Energy,Iconic Attractions,41.7924887,-87.6010567,Nuclear Energy (sculpture),
Brachiosaurus Replica,Iconic Attractions,41.8666577,-87.6184708,Brachiosaurus,
Chicago Rising from the Lake,Iconic Attractions,41.8889727,-87.6207825,Chicago Rising from the Lake,
American Writers Museum,Museums & Galleries,41.8855608,-87.6249909,,
Begin Route 66,Iconic Attractions,41.8796145,-87.6246298,U.S. Route 66,
Chicago Architecture Center,Museums & Galleries,41.8880131,-87.6236228,Chicago Architecture Center,
San Marco II,Iconic Attractions,41.875953,-87.6327146,San Marco II,
Michael Jordan,Iconic Attractions,41.8807048,-87.6730825,Statue of Michael Jordan,
Jack Brickhouse,Iconic Attractions,41.8898888,-87.6238655,Bust of Jack Brickhouse,
Cubi VII,Iconic Attractions,41.880484,-87.6238031,Cubi VII,
Magdalene,Iconic Attractions,41.8757319,-87.6238785,Magdalene (sculpture),
Schiller Woods Magic Water Pump,Iconic Attractions,41.9521189,-87.8439799,Schiller Woods magic water pump,
Chicago Children's Museum,Museums & Galleries,41.891472,-87.6092029,Chicago Children's Museum,
Hector Guimard Metro entrance,Iconic Attractions,41.8769513,-87.6238806,Paris Métro entrances by Hector Guimard,
Chicago Blackhawks 75th Anniversary Sculpture,Iconic Attractions,41.8815043,-87.674204,Chicago Blackhawks,
Ukrainian National Museum,Museums & Galleries,41.894607,-87.6840067,Ukrainian National Museum,
Waller Apartments,Iconic Attractions,41.8856307,-87.6983895,Waller Apartments,
U-505 Submarine,Iconic Attractions,41.7918808,-87.5812474,German submarine U-505,
Irv Kupcinet,Iconic Attractions,41.8877011,-87.6262319,Statue of Irv Kupcinet,
We Will Chicago,Iconic Attractions,41.8844231,-87.6254658,We Will,
Legacy Walk Rainbow Pylon,Iconic Attractions,41.9506613,-87.6496824,Legacy Walk,
Eternal Silence,Iconic Attractions,41.95542,-87.6596896,Eternal Silence (sculpture),
Leonard M. Louie,Iconic Attractions,41.8590874,-87.6322394,Ping Tom Memorial Park,
The Chicago Lincoln,Iconic Attractions,41.9687672,-87.6886718,The Chicago Lincoln,
Sue the Dinosaur,Iconic Attractions,41.8662438,-87.6160435,Sue (dinosaur),
Allow Me,Iconic Attractions,41.8993411,-87.624854,Allow Me,
Chicago Sports Museum,Museums & Galleries,41.8980264,-87.6220778,Chicago Sports Museum,
Giant Radio Flyer Wagon,Iconic Attractions,41.9231365,-87.7883472,Radio Flyer,
Pritzker Military Museum & Library,Museums & Galleries,41.8806197,-87.6246632,Pritzker Military Museum & Library,
Maxwell Street Vendor,Iconic Attractions,41.8648485,-87.6460057,Maxwell Street,
Statue of Liberty,Iconic Attractions,42.0185804,-87.8876216,Replicas of the Statue of Liberty,
Chicago Picasso Braille Model,Iconic Attractions,41.8833774,-87.629829,Chicago Picasso,
Museum of Broadcast Communications,Museums & Galleries,41.8846038,-87.6393207,Museum of Broadcast Communications,
Wicker Park,Parks & Outdoors,41.9080017,-87.6761743,Wicker Park (Chicago park),
Columbus Park,Parks & Outdoors,41.8744167,-87.769558,Columbus Park (Chicago),
Millennium Park,Parks & Outdoors,41.8826167,-87.6225177,Millennium Park,
The Peggy Notebaert Nature Museum,Museums & Galleries,41.9267866,-87.6351944,Peggy Notebaert Nature Museum,
Chicago History Museum,Museums & Galleries,41.9119908,-87.6315209,Chicago History Museum,
Museum of Contemporary Art,Museums & Galleries,41.8972189,-87.6212206,Museum of Contemporary Art Chicago,
Navy Pier,Iconic Attractions,41.8917312,-87.6041467,Navy Pier,
Field Museum (Field Museum of Natural History),Museums & Galleries,41.8662111,-87.6168966,Field Museum of Natural History,
Griffin Museum of Science and Industry,Museums & Galleries,41.7907605,-87.5829373,Museum of Science and Industry (Chicago),
Leaning Tower of Niles,Iconic Attractions,42.0124193,-87.7840559,Leaning Tower of Niles,
Frank Lloyd Wright Home and Studio,Museums & Galleries,41.8940833,-87.7996691,Frank Lloyd Wright Home and Studio,
Jefferson Memorial Park,Parks & Outdoors,41.9686493,-87.7636662,Jefferson Park (Chicago park),
Welles Park,Parks & Outdoors,41.9622584,-87.6862728,Welles Park,
Independence Park,Parks & Outdoors,41.9527662,-87.7238933,Independence Park (Chicago),
Oz Park,Parks & Outdoors,41.9206037,-87.6456648,Oz Park,
Riis Park,Parks & Outdoors,41.9255928,-87.7818434,Riis Park (Chicago),
Seward Park,Parks & Outdoors,41.902452,-87.6387978,Seward Park (Chicago),
Byline Bank Aragon Ballroom,Iconic Attractions,41.9694311,-87.6580259,Aragon Ballroom (Chicago),
Cornell Square Park,Parks & Outdoors,41.8021751,-87.6708937,Cornell Square,
Sherman (John) Park,Parks & Outdoors,41.7968762,-87.6573939,Sherman Park,
Pulaski Park,Parks & Outdoors,41.9061202,-87.663305,Pulaski Park (Chicago),
DuSable Black History Museum and Education Center,Museums & Galleries,41.7918722,-87.6072653,DuSable Black History Museum and Education Center,
Marquette Park,Parks & Outdoors,41.7680333,-87.7029016,Marquette Park (Chicago),
McKinley Park,Parks & Outdoors,41.8249048,-87.6796791,McKinley Park (Chicago park),
Palmer Park,Parks & Outdoors,41.6908586,-87.6157858,Palmer Park (Chicago),
Hamilton Park,Parks & Outdoors,41.7616921,-87.6370249,Hamilton Park (Chicago),
Avondale Park,Parks & Outdoors,41.9415751,-87.7148385,Avondale Park (Chicago),
Bataan Park,Parks & Outdoors,41.8992935,-87.8456108,Battle of Bataan,
Chopin Park,Parks & Outdoors,41.9431827,-87.7629734,Chopin Park,
Frederick C. Robie House,Iconic Attractions,41.7898086,-87.5959318,Robie House,
Trumbull Park,Parks & Outdoors,41.7063323,-87.5644807,Trumbull Park,
Grand Crossing Park,Parks & Outdoors,41.7549776,-87.6004228,Grand Crossing Park,
Mariano Park,Parks & Outdoors,41.901922,-87.6281538,Mariano Park,
Washington Square,Parks & Outdoors,41.899265,-87.6305847,Washington Square Park (Chicago),
Calumet Park,Parks & Outdoors,41.7155968,-87.5297006,Calumet Park,
Davis Square Park,Parks & Outdoors,41.8131245,-87.6675236,Davis Square (Chicago),
Fuller Park,Parks & Outdoors,41.8114197,-87.6346635,Fuller Park (Chicago park),
Shedd Park,Parks & Outdoors,41.8502235,-87.7167808,Shedd Park Fieldhouse,
Cloud Gate (The Bean),Iconic Attractions,41.8826861,-87.6233406,Cloud Gate,
Fountain of Time,Iconic Attractions,41.7867553,-87.6076412,Fountain of Time,
Kosciuszko Park,Parks & Outdoors,41.9309212,-87.7245091,Kosciuszko Park (Chicago),
Miro's Chicago,Iconic Attractions,41.8830686,-87.6303775,Miró's Chicago,
Monument With Standing Beast,Iconic Attractions,41.8847406,-87.6312138,Monument with Standing Beast,
Four Seasons,Iconic Attractions,41.8810937,-87.6297893,Four Seasons (Chagall),
Jane Addams Hull-House Museum,Museums & Galleries,41.8716506,-87.647398,,
Chicago Women's Park and Gardens,Parks & Outdoors,41.8571868,-87.6215118,Chicago Women's Park and Gardens,
Henry B. Clarke House,Museums & Galleries,41.8570672,-87.6218774,Henry B. Clarke House,
David and Alfred Smart Museum of Art,Museums & Galleries,41.7935122,-87.6001865,Smart Museum of Art,
Illinois Holocaust Museum Presents Experience360,Museums & Galleries,41.8890241,-87.6285862,Illinois Holocaust Museum and Education Center,
Dunbar Park,Parks & Outdoors,41.8402261,-87.6202766,Dunbar Park (Chicago),
Armour Square Park,Parks & Outdoors,41.8336544,-87.6340047,Armour Square Park,
Irish American Heritage Center,Museums & Galleries,41.9653234,-87.7445686,Irish American Heritage Center,
Balzekas Museum of Lithuanian Culture,Museums & Galleries,41.7746301,-87.7229824,Balzekas Museum of Lithuanian Culture,
Illinois Centennial Monument,Iconic Attractions,41.9283908,-87.7073273,Illinois Centennial Monument,
Berger Park,Parks & Outdoors,41.9952878,-87.6549447,Berger Park,
Austin Town Hall Park,Parks & Outdoors,41.8885148,-87.7657918,Austin Town Hall Park,
National Hellenic Museum,Museums & Galleries,41.8770017,-87.6468455,National Hellenic Museum,
Edison Park,Parks & Outdoors,42.0039899,-87.8174791,Edison Park (Chicago park),
National Museum of Mexican Art,Museums & Galleries,41.8561735,-87.6729928,National Museum of Mexican Art,
Portage Park,Parks & Outdoors,41.955066,-87.7645945,Portage Park (Chicago park),
Ukrainian Institute of Modern Art,Museums & Galleries,41.8959798,-87.6851652,Ukrainian Institute of Modern Art,
Alexander Von Humboldt Monument,Iconic Attractions,41.9054797,-87.7014749,Statue of Alexander von Humboldt (Chicago),
Leif Ericsson Monument,Iconic Attractions,41.9067221,-87.7015621,Statue of Leif Erikson (Chicago),
Swedish American Museum,Museums & Galleries,41.9766738,-87.668062,Swedish American Museum,
Leather Archives and Museum,Museums & Galleries,41.9986421,-87.6683357,Leather Archives & Museum,
Intuit: The Center for Intuitive and Outsider Art,Museums & Galleries,41.8953748,-87.6546037,Intuit: The Center for Intuitive and Outsider Art,
Biograph Theatre,Iconic Attractions,41.9265205,-87.6498015,Biograph Theater,
Chinese American Museum of Chicago,Museums & Galleries,41.8512035,-87.6335249,Chinese American Museum of Chicago,
Chess Studio,Museums & Galleries,41.8536137,-87.6242192,Chess Records,
Equestrian Indians (The Spearman),Iconic Attractions,41.8754986,-87.623491,The Bowman and The Spearman,
Lion “in an attitude of defiance”,Iconic Attractions,41.8793952,-87.624144,Lions (Kemeys),
Charnley-Pesky House Museum (James Charnley House),Museums & Galleries,41.9076645,-87.627534,James Charnley House,
International Museum of Surgical Science,Museums & Galleries,41.9102188,-87.6267398,International Museum of Surgical Science,
A. Philip Randolph Pullman Porter Museum,Museums & Galleries,41.7053741,-87.6030693,,
Milton Lee Olive Park (PFC Milton Lee Olive III Park),Parks & Outdoors,41.8944583,-87.6106976,Milton Lee Olive Park,
Stony Island Arts Bank,Museums & Galleries,41.77169,-87.586656,Stony Island Trust and Savings Bank Building,
Dinah Washington Park,Parks & Outdoors,41.7454405,-87.5767268,Dinah Washington Park,
Park No. 538 (Thillens Park),Parks & Outdoors,42.0046166,-87.709863,Thillens Stadium,
Jane Addams Park,Parks & Outdoors,41.8624552,-87.6627126,Addams Park,
Maggie Daley Park,Parks & Outdoors,41.8827196,-87.6176085,Maggie Daley Park,
Western Springs Water Tower,Museums & Galleries,41.8097533,-87.9009195,Western Springs Water Tower,
William W. Powers State Recreation Area,Parks & Outdoors,41.6629746,-87.5322686,William W. Powers State Recreation Area,
Polk Bros Park,Parks & Outdoors,41.8913122,-87.6116581,Polk Bros Park,
Chicago Stock Exchange Arch,Iconic Attractions,41.8806744,-87.6211756,Chicago Stock Exchange Arch,
Bronzeville Children's Museum,Museums & Galleries,41.7257228,-87.5844938,Bronzeville Children's Museum,
Wonder Works Children's Museum,Museums & Galleries,41.9088713,-87.7870661,Wonder Works,
Ernest Hemingway Birthplace Museum,Museums & Galleries,41.8927733,-87.7950512,Birthplace of Ernest Hemingway,
Little Village Arch,Iconic Attractions,41.8445498,-87.7033179,"South Lawndale, Chicago",
Paseo Bourica Gateway Flags,Iconic Attractions,41.9030198,-87.6881518,Paseo Boricua,
Chicago Riverwalk,Parks & Outdoors,41.8872333,-87.6258243,Chicago Riverwalk,
Buckingham Fountain (Clarence Buckingham Memorial Fountain),Iconic Attractions,41.8758019,-87.6189721,Buckingham Fountain,
Statue of the Republic,Iconic Attractions,41.7796062,-87.5799028,Statue of The Republic,
Benjamin Franklin,Iconic Attractions,41.9138025,-87.6310959,Statue of Benjamin Franklin (Chicago),
Graue Mill (name=Graue Mill & Museum),Museums & Galleries,41.8205839,-87.9274892,Graue Mill,
John Alexander Logan Monument,Iconic Attractions,41.8706199,-87.6234634,General John Logan Memorial,
Man Enters The Cosmos,Iconic Attractions,41.8667661,-87.6071237,Man Enters the Cosmos,
Park No. 474,Parks & Outdoors,41.8355094,-87.6275114,Park No. 474,
Captain on the Helm,Iconic Attractions,41.8907192,-87.6096979,Captain on the Helm,
Ogden Plaza,Parks & Outdoors,41.890282,-87.6199496,Ogden Plaza Park,
Crossing,Iconic Attractions,41.8885748,-87.6325313,Crossing (sculpture),
Constellation,Iconic Attractions,41.8862642,-87.638929,Constellation (sculpture),
National Public Housing Museum,Museums & Galleries,41.8698693,-87.6597742,National Public Housing Museum,
Marquette and Joliet Explorer Statue,Iconic Attractions,41.8053075,-87.8030562,Chicago Portage National Historic Site,
Robert Cavalier de LaSalle,Iconic Attractions,41.9133732,-87.6327487,Statue of Robert Cavelier de La Salle,
Richard Oglesby Monument,Iconic Attractions,41.9301485,-87.6370807,Statue of Richard J. Oglesby,
Alexander Hamilton Monument,Iconic Attractions,41.9317129,-87.6384365,Statue of Alexander Hamilton (Chicago),
John Peter Altgeld Momument,Iconic Attractions,41.9321937,-87.6375298,John Peter Altgeld,
Obama Presidential Center Museum,Museums & Galleries,41.7862624,-87.5858794,Barack Obama Presidential Center,
South Shore Cultural Center,Parks & Outdoors,41.7698051,-87.5629577,South Shore Cultural Center,
The Art Institute of Chicago,Museums & Galleries,41.8795594,-87.6225683,Art Institute of Chicago,
Glessner House Museum,Museums & Galleries,41.8577219,-87.6212227,John J. Glessner House,
Institute for the Study of Ancient Cultures Museum,Museums & Galleries,41.7892146,-87.5974892,Institute for the Study of Ancient Cultures,
Jackson Park,Parks & Outdoors,41.7833587,-87.5764609,Jackson Park (Chicago),
Northerly Island,Parks & Outdoors,41.8601992,-87.6091975,Northerly Island,
Humboldt (Alexander Von) Park,Parks & Outdoors,41.9042451,-87.7019325,Humboldt Park (Chicago park),
Field (Eugene) Park,Parks & Outdoors,41.9747639,-87.7232853,Eugene Field Park,
Sauganash Trail,Parks & Outdoors,41.9899796,-87.7378542,Skokie Valley Trail,
Indian Boundary Park,Parks & Outdoors,42.0094793,-87.6932432,Indian Boundary Park,
Lincoln Park Zoo,Zoos & Family,41.9203762,-87.6335049,Lincoln Park Zoo,
Wilder Park Conservatory,Museums & Galleries,41.8949188,-87.9436548,,
Agora,Iconic Attractions,41.8682801,-87.6235711,Agora (sculpture),
Lincoln (Abraham) Park,Parks & Outdoors,41.9410389,-87.6330124,Lincoln Park,
Bloomingdale Trail Park,Parks & Outdoors,41.9139596,-87.6940571,Bloomingdale Trail Park,
Burnham Park,Parks & Outdoors,41.8299023,-87.5970227,Burnham Park (Chicago),
Shedd Aquarium,Zoos & Family,41.8676159,-87.6136792,Shedd Aquarium,
River Esplanade,Parks & Outdoors,41.8890719,-87.6189671,River Esplanade Park,
Gold Star Families Park (Gold Star Families Memorial and Park),Parks & Outdoors,41.8627035,-87.6141141,Gold Star Families Memorial and Park,
Brookfield Zoo Chicago (Chicago Zoological Park),Zoos & Family,41.8340002,-87.8367188,Brookfield Zoo,
Grant Park,Parks & Outdoors,41.8765883,-87.6183046,Grant Park (Chicago),3744.0
Harold Washington Park,Parks & Outdoors,41.8026153,-87.5833185,Harold Washington Park,
Midway Plaisance,Parks & Outdoors,41.7866976,-87.5963239,Midway Plaisance,
Garfield Park,Parks & Outdoors,41.8813141,-87.7160067,Garfield Park (Chicago),
Union Park,Parks & Outdoors,41.8838595,-87.665184,Union Park (Chicago),244.6153846153846
Douglass (Anna and Frederick) Park (Douglass Park),Parks & Outdoors,41.8609632,-87.6993812,Douglass Park,
Washington (George) Park,Parks & Outdoors,41.7939811,-87.6111047,Washington Park (Chicago park),
Vanderpoel Art Museum,Museums & Galleries,41.7187453,-87.6678158,,
Norwood Park Historical Society,Museums & Galleries,41.9835968,-87.7959941,,
Museum of Hummels,Museums & Galleries,41.9921847,-87.8639965,,
Night Club,Museums & Galleries,41.941733,-87.7271053,,
Ogilvie Pertl Gallery,Museums & Galleries,41.8909373,-87.6164093,,
Busy Beaver Button Museum,Museums & Galleries,41.9171899,-87.7122707,,
Dreihaus Gallery of Stained Glass,Museums & Galleries,41.8914645,-87.6013562,,
345 Gallery,Museums & Galleries,41.8877965,-87.706096,,
Riverside Historical Museum,Museums & Galleries,41.8278837,-87.82001,,
Prospectus Art Gallery,Museums & Galleries,41.8580724,-87.6569435,,
Expo 72,Museums & Galleries,41.8846303,-87.6253558,,
Gallery Guichard,Museums & Galleries,41.8095479,-87.6148147,,
Western Exhibitions,Museums & Galleries,41.8958968,-87.670213,,
Rhona Hoffman Gallery,Museums & Galleries,41.8958971,-87.6702858,,
All Star Press,Museums & Galleries,41.9316462,-87.7113805,,
Young Chicago Authors,Museums & Galleries,41.9030806,-87.66633,,
In the Game - Hollywood Park,Zoos & Family,41.655827,-87.7472173,,
Marianne Ibrahim Gallery,Museums & Galleries,41.8900345,-87.669421,,
Exploratorium,Museums & Galleries,42.0259599,-87.7436311,,
Corbett vs. Dempsey,Museums & Galleries,41.8868372,-87.6815231,,
La Grange Art League Gallery,Museums & Galleries,41.8143737,-87.8719539,,
Museum of Illusions,Museums & Galleries,41.8830605,-87.626843,,
South Asia Institute,Museums & Galleries,41.8558929,-87.623635,,
The Compassion Factory,Museums & Galleries,41.8272625,-87.8522526,,
Chicago Art Department,Museums & Galleries,41.8559404,-87.6467837,,
Patron Gallery,Museums & Galleries,41.8962527,-87.6679627,,
Color Factory,Museums & Galleries,41.8783753,-87.6358062,,
Iarca,Museums & Galleries,41.8801592,-87.6246747,,
La Grange Park Fire History Museum,Museums & Galleries,41.8229896,-87.8732415,,
Legendary Art Gallery,Museums & Galleries,41.8809718,-87.6869509,,
DragonFLY Gallert & Creative Spaces,Museums & Galleries,41.8813155,-87.6878952,,
Glass Curtain Gallery,Museums & Galleries,41.8689142,-87.6261147,,
Kavi Gupta Gallery,Museums & Galleries,41.8861536,-87.6585504,,
Povos,Museums & Galleries,41.8959014,-87.666475,,
Mana Contemporary,Museums & Galleries,41.8507188,-87.658207,,
A very Serious Gallery,Museums & Galleries,41.8939321,-87.6515368,,
Color Club,Museums & Galleries,41.9560508,-87.7229503,,
Ruschman,Museums & Galleries,41.9561052,-87.7229748,,
Children's Museum of Art and Social Justice,Museums & Galleries,41.8550932,-87.6463776,,
WNDR Museum,Museums & Galleries,41.880525,-87.6559982,,
M. LeBlanc,Museums & Galleries,41.924802,-87.7152147,,
The Haitian American Museum of Chicago,Museums & Galleries,41.9620679,-87.6662477,,
Julius Caesar Chicago,Museums & Galleries,41.8872905,-87.7093796,,
Chicago Maritime Museum,Museums & Galleries,41.8315361,-87.6566736,,
Nettie J. McKinnon Art Gallery,Museums & Galleries,41.8199214,-87.8806874,,
Ivory Gate Gallery,Museums & Galleries,41.9025711,-87.6266011,,
Zolla/Libermann Gallery,Museums & Galleries,41.8946075,-87.6365944,,
Willow Springs Historical Society,Museums & Galleries,41.742149,-87.8592244,,
SECRIST / BEACH,Museums & Galleries,41.8896198,-87.6722325,,
Chicago Board of Trade Building Museum,Museums & Galleries,41.8779887,-87.6320684,,
Patient Info,Museums & Galleries,41.8977496,-87.6871153,,
Heritage Museum of Asian Art,Museums & Galleries,41.8305279,-87.6512007,,
Event Horizon Gallery & VR Lounge,Museums & Galleries,41.9822682,-87.6683469,,
Richardson Art Gallery,Museums & Galleries,41.9249194,-87.6551572,,
Fine Art Gallery,Museums & Galleries,41.8132923,-87.8784533,,
gallery 1871,Museums & Galleries,41.9152208,-87.6553058,,
Emily Oak Nature Center,Museums & Galleries,42.0218042,-87.7458133,,
Hyde Park Historical Society Museum,Museums & Galleries,41.7942738,-87.5875619,,
Columbia Yacht Club (MV Abegweit),Iconic Attractions,41.8839375,-87.6119816,MV Abegweit (1947),320.2307692307692
Walt Disney Birthplace House,Museums & Galleries,41.9206229,-87.733074,,
Ed Paschke Art Center,Museums & Galleries,41.9685131,-87.7621518,,
Adds Donna,Museums & Galleries,41.9103467,-87.7089028,,
North Park Village Nature Center,Museums & Galleries,41.9879654,-87.7243931,,
Fire Museum of Greater Chicago,Museums & Galleries,41.7987005,-87.6845337,,
Chicago Center for Green Technology,Museums & Galleries,41.8896579,-87.7008645,,
National Cambodian Heritage Museum,Museums & Galleries,41.9683467,-87.6999538,,
Ridge Historical Society,Museums & Galleries,41.7002983,-87.6721123,,
Pilsen Art House,Museums & Galleries,41.8560624,-87.6708003,,
Edgewater Historical Society,Museums & Galleries,41.9796801,-87.6700187,,
African American Firefighters Museum,Museums & Galleries,41.7966895,-87.6237368,,
Gruen Gallery,Museums & Galleries,41.8958631,-87.6351366,,
Carl Hammer Gallery,Museums & Galleries,41.8959859,-87.6344572,,
Perimeter Gallery,Museums & Galleries,41.8958663,-87.6349157,,
Historic Pullman Foundation Exhibit Hall,Museums & Galleries,41.6913457,-87.6096951,,
Theaster Gates Studio,Museums & Galleries,41.7638728,-87.5936588,,
Hinsdale Historical Society,Museums & Galleries,41.8029308,-87.935091,,
Wildwood Nature Center,Museums & Galleries,42.0165458,-87.8595068,,
Little Red Schoolhouse Nature Center,Museums & Galleries,41.7090443,-87.8773348,,
Hal Tyrrell Trailside Museum of Natural History,Museums & Galleries,41.893247,-87.8262151,,
Casa Italia,Museums & Galleries,41.9010531,-87.8804172,,
Sagawau Environmental Learning Center,Museums & Galleries,41.6892713,-87.9257493,,
Oak Park River Forest Museum,Museums & Galleries,41.8877958,-87.7795049,,
16 Inch Softball Hall of Fame Museum,Museums & Galleries,41.8723575,-87.8152118,,
Elmhurst Art Museum,Museums & Galleries,41.8978837,-87.9431207,,
Flagg Creek Historical Museum,Museums & Galleries,41.7549288,-87.8957869,,
The Children's Museum in Oak Lawn,Museums & Galleries,41.7197074,-87.7476503,,
Lizzadro Museum of Lapidary Art,Museums & Galleries,41.8419517,-87.9499741,,
Elmhurst Historical Museum,Museums & Galleries,41.8988727,-87.9388433,,
Accelerator ArtSpace,Museums & Galleries,41.8990678,-87.9469371,,
Brookfield Historical Society,Museums & Galleries,41.8229286,-87.8425047,,
Graue House,Museums & Galleries,41.8199937,-87.927638,,
Fullersburg Woods Nature Education Center,Museums & Galleries,41.826661,-87.932191,,
Historical Society Oak Brook,Museums & Galleries,41.8328949,-87.9461065,,
Skokie Heritage Museum,Museums & Galleries,42.0271884,-87.7557384,,
Ekdahl House Museum,Museums & Galleries,41.8114687,-87.8982342,,
Pier Park,Zoos & Family,41.891616,-87.6072418,,
Farm-in-the-Zoo,Zoos & Family,41.917271,-87.633631,,
Pritzker Family Children's Zoo,Zoos & Family,41.9210569,-87.6351427,,
Arts of the Americas,Museums & Galleries,41.8789192,-87.6221416,,
Rice Amplitheater & Abbott Oceanarium,Zoos & Family,41.8676175,-87.6130862,,
Austin Gardens Environmental Education Center,Museums & Galleries,41.8894717,-87.8010301,,
In The Game - Hollywood Park,Zoos & Family,41.6561335,-87.7472995,,
La Grange Area Historical Society,Museums & Galleries,41.8054389,-87.8696915,,
Haunted Trails,Zoos & Family,41.749571,-87.7993111,,
Ford Calumet Environmental Center (FCEC),Museums & Galleries,41.6855199,-87.5732467,,
Park Ridge Historical Society,Museums & Galleries,42.0211585,-87.8291518,,
Robbins Illinois History Museum,Museums & Galleries,41.6406873,-87.710773,,
Trailside Museum of Natural History,Zoos & Family,41.8930238,-87.8262195,,
Alsdorf Gallaries,Museums & Galleries,41.8795829,-87.6226844,,
Special Exibitions,Museums & Galleries,41.8801143,-87.6223172,,
Contemporary,Museums & Galleries,41.8804799,-87.6217021,,
Film and Media,Museums & Galleries,41.879959,-87.6220275,,
Sculpture Court,Museums & Galleries,41.8791104,-87.6221463,,
Play Street Meuseum,Museums & Galleries,41.8693291,-87.6322904,,
PGN Fun Village,Zoos & Family,41.7166141,-87.8216148,,
Hamill Family Wild Encounters,Zoos & Family,41.8315867,-87.8308806,,
Hamill Family Play Zoo,Zoos & Family,41.831592,-87.8325626,,
"Arts of the Greek, Roman, Byzantine Worlds",Museums & Galleries,41.8795961,-87.6218547,,
